image_name,timestamp,cam_x,cam_y,cam_z,heading,pitch,roll
Image_D2_M12_000001.jpeg,1746800048,234528.817,2016450.6,2266.498,-103.176,-86.824,-18.445
Image_D2_M12_000002.jpeg,1746800050,234520.329,2016455.533,2266.75,-46.575,-87.905,-12.185
Image_D2_M12_000003.jpeg,1746800053,234514.197,2016464.493,2266.977,-125.868,-87.449,-86.423
Image_D2_M12_000004.jpeg,1746800055,234506.725,2016471.678,2266.648,-152.121,-86.269,-97.128
Image_D2_M12_000005.jpeg,1746800057,234497.312,2016476.516,2266.055,-159.834,-85.236,-93.214
Image_D2_M12_000006.jpeg,1746800059,234487.539,2016481.021,2265.533,-159.608,-86.603,-96.044
Image_D2_M12_000007.jpeg,1746800061,234478.701,2016486.178,2265.271,-166.093,-88.447,-113.461
Image_D2_M12_000008.jpeg,1746800063,234470.938,2016493.53,2265.192,-137.926,-89.33,-100.48
Image_D2_M12_000009.jpeg,1746800065,234465.732,2016502.071,2265.262,110.549,-88.877,133.547
Image_D2_M12_000010.jpeg,1746800066,234462.692,2016511.891,2265.187,175.496,-87.826,-175.407
Image_D2_M12_000011.jpeg,1746800068,234461.923,2016521.843,2264.988,-171.632,-88.651,-174.414
Image_D2_M12_000012.jpeg,1746800069,234463.232,2016532.447,2264.896,-159.503,-88.623,-172.336
Image_D2_M12_000013.jpeg,1746800070,234466.254,2016543.086,2264.811,158.651,-88.351,139.826
Image_D2_M12_000014.jpeg,1746800072,234469.505,2016552.637,2264.667,134.91,-87.487,116.339
Image_D2_M12_000015.jpeg,1746800073,234472.847,2016563.099,2264.522,133.728,-87.935,116.359
Image_D2_M12_000016.jpeg,1746800074,234476.157,2016574.638,2264.379,129.409,-88.265,114.013
Image_D2_M12_000017.jpeg,1746800075,234478.832,2016584.921,2264.263,148.04,-87.74,133.808
Image_D2_M12_000018.jpeg,1746800076,234481.334,2016595.424,2264.069,132.678,-87.352,120.059
Image_D2_M12_000019.jpeg,1746800077,234483.542,2016606.278,2263.895,138.069,-87.588,127.127
Image_D2_M12_000020.jpeg,1746800078,234485.451,2016617.395,2263.72,149.788,-87.846,140.631
Image_D2_M12_000021.jpeg,1746800079,234487.019,2016628.694,2263.53,169.168,-88.195,161.809
Image_D2_M12_000022.jpeg,1746800080,234488.301,2016640.006,2263.344,152.121,-87.476,146.242
Image_D2_M12_000023.jpeg,1746800081,234489.304,2016651.239,2263.113,147.413,-87.335,142.714
Image_D2_M12_000024.jpeg,1746800082,234490.031,2016662.409,2262.879,150.711,-87.431,147.759
Image_D2_M12_000025.jpeg,1746800083,234490.352,2016673.504,2262.646,154.573,-87.656,153.674
Image_D2_M12_000026.jpeg,1746800084,234490.328,2016684.524,2262.421,152.073,-87.35,152.816
Image_D2_M12_000027.jpeg,1746800085,234490.009,2016695.443,2262.187,153.539,-87.602,155.881
Image_D2_M12_000028.jpeg,1746800086,234489.377,2016706.15,2261.963,151.318,-86.92,155.508
Image_D2_M12_000029.jpeg,1746800087,234488.283,2016717.956,2261.668,152.814,-86.999,158.698
Image_D2_M12_000030.jpeg,1746800088,234487.088,2016728.361,2261.423,155.397,-87.586,161.693
Image_D2_M12_000031.jpeg,1746800090,234486.037,2016738.952,2261.261,-166.924,-86.634,-166.613
Image_D2_M12_000032.jpeg,1746800092,234487.961,2016749.21,2260.997,-157.844,-86.027,170.612
Image_D2_M12_000033.jpeg,1746800094,234495.634,2016755.691,2260.607,-161.783,-86.653,128.594
Image_D2_M12_000034.jpeg,1746800095,234506.328,2016758.88,2259.761,-166.399,-83.987,118.537
Image_D2_M12_000035.jpeg,1746800097,234517.234,2016761.856,2259.164,-130.64,-87.551,154.161
Image_D2_M12_000036.jpeg,1746800098,234527.892,2016764.763,2259.018,-128.575,-88.707,156.754
Image_D2_M12_000037.jpeg,1746800099,234538.824,2016767.84,2258.98,-158.83,-88.24,126.809
Image_D2_M12_000038.jpeg,1746800100,234549.677,2016770.937,2258.907,173.317,-89.49,99.156
Image_D2_M12_000039.jpeg,1746800102,234560.414,2016774.023,2258.863,172.895,-88.512,98.392
Image_D2_M12_000040.jpeg,1746800103,234571.01,2016777.092,2258.779,157.686,-88.121,83.741
Image_D2_M12_000041.jpeg,1746800104,234581.572,2016780.195,2258.678,157.171,-88.434,82.527
Image_D2_M12_000042.jpeg,1746800105,234591.837,2016783.076,2258.586,-178.995,-87.976,106.093
Image_D2_M12_000043.jpeg,1746800107,234602.597,2016786.163,2258.337,-145.554,-87.441,140.232
Image_D2_M12_000044.jpeg,1746800108,234613.077,2016789.332,2258.568,-36.139,-86.284,-110.964
Image_D2_M12_000045.jpeg,1746800110,234623.46,2016790.408,2259.475,38.415,-87.773,-65.809
Image_D2_M12_000046.jpeg,1746800112,234632.238,2016784.587,2259.619,162.034,-88.899,16.111
Image_D2_M12_000047.jpeg,1746800114,234636.899,2016774.619,2259.604,97.421,-89.047,-63.939
Image_D2_M12_000048.jpeg,1746800115,234640.116,2016764.92,2259.754,66.785,-88.881,-95.995
Image_D2_M12_000049.jpeg,1746800116,234643.295,2016754.06,2259.887,79.563,-88.917,-86.139
Image_D2_M12_000050.jpeg,1746800117,234645.864,2016744.265,2260,42.014,-88.9,-123.393
Image_D2_M12_000051.jpeg,1746800118,234648.785,2016733.849,2260.182,51.703,-89.25,-112.274
Image_D2_M12_000052.jpeg,1746800119,234652.188,2016722.825,2260.373,60.662,-88.771,-101.366
Image_D2_M12_000053.jpeg,1746800120,234656.184,2016711.306,2260.757,36.427,-87.343,-123.505
Image_D2_M12_000054.jpeg,1746800121,234659.781,2016701.948,2261.373,21.398,-85.217,-136.835
Image_D2_M12_000055.jpeg,1746800122,234663.739,2016692.62,2262.358,4.115,-83.627,-152.77
Image_D2_M12_000056.jpeg,1746800123,234667.846,2016683.184,2263.528,17.048,-83.616,-139.24
Image_D2_M12_000057.jpeg,1746800123,234672.015,2016673.698,2264.805,19.532,-82.207,-137.341
Image_D2_M12_000058.jpeg,1746800124,234676.034,2016664.099,2266.208,21.286,-80.974,-136.681
Image_D2_M12_000059.jpeg,1746800125,234679.879,2016654.588,2267.972,13.724,-80.089,-144.63
Image_D2_M12_000060.jpeg,1746800126,234683.546,2016645.289,2269.826,11.844,-78.54,-147.895
Image_D2_M12_000061.jpeg,1746800127,234687.357,2016634.4,2272.316,15.988,-77.17,-145.059
Image_D2_M12_000062.jpeg,1746800128,234690.569,2016625.14,2274.734,10.51,-76.235,-150.566
Image_D2_M12_000063.jpeg,1746800129,234693.711,2016615.77,2277.344,17.666,-77.07,-143.788
Image_D2_M12_000064.jpeg,1746800133,234696.494,2016606.301,2279.351,51.826,-79.328,-122.049
Image_D2_M12_000065.jpeg,1746800136,234691.869,2016598.003,2279.234,152.831,-80.707,-94.921
Image_D2_M12_000066.jpeg,1746800139,234681.65,2016594.853,2277.916,165.92,-80.733,-89.412
Image_D2_M12_000067.jpeg,1746800140,234671.799,2016592.045,2276.44,172.484,-79.239,-81.624
Image_D2_M12_000068.jpeg,1746800142,234661.435,2016588.956,2274.636,172.734,-79.39,-81.247
Image_D2_M12_000069.jpeg,1746800143,234651.683,2016586.176,2273.059,168.128,-80.726,-86.555
Image_D2_M12_000070.jpeg,1746800144,234641.844,2016583.453,2271.731,158.564,-82.182,-96.518
Image_D2_M12_000071.jpeg,1746800145,234630.651,2016580.583,2270.642,149.123,-83.607,-107.569
Image_D2_M12_000072.jpeg,1746800147,234619.431,2016577.863,2269.842,152.188,-84.87,-104.675
Image_D2_M12_000073.jpeg,1746800148,234608.416,2016575.097,2269.177,154.618,-86.078,-101.455
Image_D2_M12_000074.jpeg,1746800150,234597.878,2016572.286,2268.689,150.951,-86.757,-104.003
Image_D2_M12_000075.jpeg,1746800151,234587.46,2016569.297,2268.562,91.008,-87.433,-159.157
Image_D2_M12_000076.jpeg,1746800154,234579.015,2016562.748,2268.933,34.996,-85.195,-173.784
Image_D2_M12_000077.jpeg,1746800156,234575.621,2016552.515,2269.792,25.484,-86.29,-162.653
Image_D2_M12_000078.jpeg,1746800157,234575.455,2016542.375,2270.547,10.904,-86.011,-161.765
Image_D2_M12_000079.jpeg,1746800159,234577.17,2016532.002,2271.255,37.402,-87.98,-130.635
Image_D2_M12_000080.jpeg,1746800161,234579.798,2016522.339,2271.514,108.267,-86.605,-52.013
Image_D2_M12_000081.jpeg,1746800169,234581.684,2016516.396,2271.465,104.454,-86.619,-24.025
Image_D2_M12_000082.jpeg,1746800178,234579.935,2016519.273,2271.465,-21.861,-88.694,-43.32
Image_D2_M12_000083.jpeg,1746800181,234576.207,2016527.453,2271.368,-171.272,-86.789,-114.716
Image_D2_M12_000084.jpeg,1746800186,234570.902,2016535.518,2270.959,-166.566,-84.96,-166.805
Image_D2_M12_000085.jpeg,1746800190,234573.392,2016545.892,2270.261,-158.008,-85.03,-173.555
Image_D2_M12_000086.jpeg,1746800192,234576.07,2016555.919,2269.566,-170.575,-84.091,167.413
Image_D2_M12_000087.jpeg,1746800194,234582.093,2016564.467,2268.777,-136.681,-86.775,169.134
Image_D2_M12_000088.jpeg,1746800195,234591.487,2016568.734,2268.592,-83.666,-88.177,-159.261
Image_D2_M12_000089.jpeg,1746800197,234601.872,2016571.332,2268.862,-11.379,-88.124,-87.525
Image_D2_M12_000090.jpeg,1746800198,234613.173,2016574.145,2269.437,-18.024,-86.412,-94.892
Image_D2_M12_000091.jpeg,1746800199,234623.374,2016576.681,2270.136,-33.935,-85.701,-110.681
Image_D2_M12_000092.jpeg,1746800200,234633.844,2016579.251,2270.954,-28.443,-84.912,-105.541
Image_D2_M12_000093.jpeg,1746800202,234644.542,2016581.714,2272.023,2.233,-83.372,-74.426
Image_D2_M12_000094.jpeg,1746800203,234655.197,2016584.435,2273.511,7.572,-82.211,-67.093
Image_D2_M12_000095.jpeg,1746800204,234665.01,2016587.267,2275.129,1.887,-80.849,-72.416
Image_D2_M12_000096.jpeg,1746800205,234674.969,2016590.193,2276.875,-13.271,-81.64,-88.749
Image_D2_M12_000097.jpeg,1746800207,234685.335,2016592.762,2278.313,-8.256,-83.151,-86.238
Image_D2_M12_000098.jpeg,1746800209,234696.042,2016594.994,2280.057,-22.405,-77.982,-105.339
Image_D2_M12_000099.jpeg,1746800210,234707.011,2016596.122,2282.392,-26.188,-79.17,-114.372
Image_D2_M12_000100.jpeg,1746800212,234717.294,2016596.232,2283.963,-23.978,-85.705,-117.504
Image_D2_M12_000101.jpeg,1746800214,234727.824,2016594.415,2284.648,80.159,-88.476,-29.582
Image_D2_M12_000102.jpeg,1746800221,234737.092,2016589.847,2284.769,82.637,-83.995,-31.403
Image_D2_M12_000103.jpeg,1746800224,234746.708,2016585.616,2284.97,95.42,-86.35,-19.654
Image_D2_M12_000104.jpeg,1746800225,234756.07,2016581.172,2285.022,97.008,-88.102,-20.604
Image_D2_M12_000105.jpeg,1746800227,234765.339,2016576,2285.193,103.668,-88.212,-17.318
Image_D2_M12_000106.jpeg,1746800229,234773.992,2016570.548,2285.351,107.8,-88.237,-16.663
Image_D2_M12_000107.jpeg,1746800233,234782.959,2016566.418,2285.474,81.149,-88.206,3.062
Image_D2_M12_000108.jpeg,1746800235,234790.561,2016572.734,2285.63,37.308,-88.977,7.384
Image_D2_M12_000109.jpeg,1746800237,234795.548,2016581.815,2285.969,-31.544,-88.784,-62.813
Image_D2_M12_000110.jpeg,1746800240,234801.416,2016590.757,2286.386,10.307,-89.155,-23.854
Image_D2_M12_000111.jpeg,1746800243,234807.095,2016599.184,2286.46,149.489,-85.128,115.329
Image_D2_M12_000112.jpeg,1746800247,234815.819,2016602.466,2285.563,-148.403,-85.539,103.199
Image_D2_M12_000113.jpeg,1746800250,234824.807,2016597.716,2285.224,-161.758,-87.856,78.255
Image_D2_M12_000114.jpeg,1746800253,234834.373,2016592.98,2285.041,-177.178,-88.031,70.044
Image_D2_M12_000115.jpeg,1746800256,234843.624,2016588.747,2284.888,-147.932,-87.936,90.77
Image_D2_M12_000116.jpeg,1746800261,234852.999,2016588.141,2284.83,-118.413,-85.927,-170.01
Image_D2_M12_000117.jpeg,1746800264,234859.177,2016596.122,2284.399,-146.756,-85.813,-176.65
Image_D2_M12_000118.jpeg,1746800266,234864.383,2016605.725,2283.888,-147.119,-84.774,-174.011
Image_D2_M12_000119.jpeg,1746800268,234869.011,2016614.842,2283.174,-148.301,-82.206,-178.067
Image_D2_M12_000120.jpeg,1746800271,234872.803,2016624.501,2282.132,141.767,-81.98,151.068
Image_D2_M12_000121.jpeg,1746800274,234866.474,2016631.849,2281.628,110.332,-84.648,172.101
Image_D2_M12_000122.jpeg,1746800276,234857.52,2016636.604,2281.251,142.179,-82.936,-156.481
Image_D2_M12_000123.jpeg,1746800278,234848.651,2016641.173,2280.505,156.98,-84.332,-139.921
Image_D2_M12_000124.jpeg,1746800292,234839.64,2016645.73,2279.848,151.308,-84.125,-146.101
Image_D2_M12_000125.jpeg,1746800297,234835.84,2016653.559,2279.151,-170.988,-86.255,168.057
Image_D2_M12_000126.jpeg,1746800299,234840.158,2016663.423,2278.617,-168.37,-85.721,167.092
Image_D2_M12_000127.jpeg,1746800302,234845.175,2016672.376,2278.05,-168.485,-85.253,158.719
Image_D2_M12_000128.jpeg,1746800304,234850.464,2016681.396,2277.418,161.739,-84.195,135.062
Image_D2_M12_000129.jpeg,1746800309,234854.959,2016690.719,2276.673,134.691,-84.562,107.178
Image_D2_M12_000130.jpeg,1746800312,234859.585,2016699.616,2276.184,140.033,-81.904,112.352
Image_D2_M12_000131.jpeg,1746800316,234864.713,2016708.934,2275.201,138.382,-81.542,110.774
Image_D2_M12_000132.jpeg,1746800319,234868.751,2016718.155,2274.321,139.122,-81.33,115.754
Image_D2_M12_000133.jpeg,1746800321,234873.252,2016727.178,2273.334,151.885,-79.426,121.404
Image_D2_M12_000134.jpeg,1746800325,234877.867,2016736.046,2271.98,154.894,-79.179,129.123
Image_D2_M12_000135.jpeg,1746800327,234882.568,2016745.596,2270.285,168.395,-79.499,140.36
Image_D2_M12_000136.jpeg,1746800329,234887.327,2016754.867,2268.602,167.722,-79.25,140.75
Image_D2_M12_000137.jpeg,1746800332,234891.918,2016763.832,2267.027,160.072,-78.287,131.931
Image_D2_M12_000138.jpeg,1746800339,234896.992,2016772.849,2265.217,139.895,-78.551,110.875
Image_D2_M12_000139.jpeg,1746800341,234901.463,2016781.807,2263.902,163.07,-82.329,136.622
Image_D2_M12_000140.jpeg,1746800344,234906.097,2016791.25,2262.76,171.066,-80.469,142.21
Image_D2_M12_000141.jpeg,1746800348,234911.09,2016800.015,2260.952,174.944,-74.831,142.85
Image_D2_M12_000142.jpeg,1746800351,234916.5,2016808.012,2258.262,158.51,-69.558,123.638
Image_D2_M12_000143.jpeg,1746800356,234917.01,2016817.288,2256.895,44.32,-79.756,85.682
Image_D2_M12_000144.jpeg,1746800358,234908.014,2016822.851,2258.288,22.284,-83.217,85.648
Image_D2_M12_000145.jpeg,1746800360,234898.669,2016827.496,2259.326,25.443,-87.786,87.631
Image_D2_M12_000146.jpeg,1746800362,234889.52,2016832.914,2259.585,150.753,-88.331,-155.423
Image_D2_M12_000147.jpeg,1746800366,234881.19,2016838.781,2259.631,107.828,-88.669,176.374
Image_D2_M12_000148.jpeg,1746800369,234871.352,2016841.102,2259.784,108.163,-88.227,161.464
Image_D2_M12_000149.jpeg,1746800382,234869.71,2016840.767,2259.837,-160.165,-87.29,125.295
Image_D2_M12_000150.jpeg,1746800386,234879.7,2016838.515,2259.662,-167.993,-87.961,71.933
Image_D2_M12_000151.jpeg,1746800389,234888.16,2016832.816,2259.586,-102.133,-87.725,132.11
Image_D2_M12_000152.jpeg,1746800391,234897.274,2016827.031,2259.397,-162.411,-84.738,79.54
Image_D2_M12_000153.jpeg,1746800393,234906.407,2016822.933,2258.513,-179.11,-81.176,69.925
Image_D2_M12_000154.jpeg,1746800395,234916.158,2016818.758,2257.11,-155.775,-78.526,81.868
Image_D2_M12_000155.jpeg,1746800398,234924.491,2016812.96,2255.319,-161.086,-74.989,75.786
Image_D2_M12_000156.jpeg,1746800400,234933.507,2016807.832,2253.103,-173.942,-76.331,70.319
Image_D2_M12_000157.jpeg,1746800402,234943.36,2016803.559,2251.142,-169.987,-78.999,77.472
Image_D2_M12_000158.jpeg,1746800404,234952.699,2016799.506,2249.456,-175.724,-80.921,66.29
Image_D2_M12_000159.jpeg,1746800407,234958.698,2016791.974,2248.544,-64.15,-83.681,111.048
Image_D2_M12_000160.jpeg,1746800410,234954.852,2016782.543,2250.075,-3.972,-76.199,143.679
Image_D2_M12_000161.jpeg,1746800413,234949.573,2016773.697,2252.598,-11.399,-78.373,139.006
Image_D2_M12_000162.jpeg,1746800415,234944.593,2016764.285,2254.611,-11.179,-80.581,142.072
Image_D2_M12_000163.jpeg,1746800419,234940.376,2016754.915,2256.242,-42.432,-78.132,111.234
Image_D2_M12_000164.jpeg,1746800423,234936.181,2016745.954,2257.959,-23.406,-76.445,130.422
Image_D2_M12_000165.jpeg,1746800427,234931.7,2016737.118,2260.302,-1.447,-77.059,150.927
Image_D2_M12_000166.jpeg,1746800429,234927.126,2016728.375,2262.514,-3.099,-76.352,148.052
Image_D2_M12_000167.jpeg,1746800432,234922.509,2016719.184,2264.9,-17.508,-78.639,146.932
Image_D2_M12_000168.jpeg,1746800435,234925.404,2016709.464,2266.124,-94.021,-83.314,133.631
Image_D2_M12_000169.jpeg,1746800437,234933.821,2016703.69,2266.077,-118.818,-87.003,122.519
Image_D2_M12_000170.jpeg,1746800440,234943.301,2016699.442,2265.969,-135.527,-88.057,108.87
Image_D2_M12_000171.jpeg,1746800444,234952.729,2016694.714,2265.908,-124.698,-88.159,117.04
Image_D2_M12_000172.jpeg,1746800447,234960.32,2016688.319,2266.016,-32.28,-85.666,167.938
Image_D2_M12_000173.jpeg,1746800450,234960.788,2016678.173,2267.091,-15.453,-81.887,147.736
Image_D2_M12_000174.jpeg,1746800452,234956.221,2016669.142,2268.701,6.687,-79.07,150.551
Image_D2_M12_000175.jpeg,1746800454,234950.536,2016660.942,2270.685,-0.527,-78.604,147.814
Image_D2_M12_000176.jpeg,1746800456,234945.803,2016651.904,2272.67,-9.787,-79.606,132.521
Image_D2_M12_000177.jpeg,1746800460,234936.98,2016649.133,2274.395,56.149,-83.968,124.665
Image_D2_M12_000178.jpeg,1746800473,234942.242,2016647.32,2273.764,43.274,-80.433,132.662
Image_D2_M12_000179.jpeg,1746800484,234941.846,2016643.05,2274.336,-10.156,-82.041,145.667
Image_D2_M12_000180.jpeg,1746800486,234936.265,2016633.673,2275.911,8.677,-82.403,154.293
Image_D2_M12_000181.jpeg,1746800487,234930.819,2016624.851,2277.314,6.125,-84.009,156.105
Image_D2_M12_000182.jpeg,1746800489,234925.265,2016614.995,2278.691,-1.528,-83.985,148.742
Image_D2_M12_000183.jpeg,1746800490,234919.804,2016605.203,2279.98,-19.918,-84.101,129.959
Image_D2_M12_000184.jpeg,1746800492,234914.213,2016595.652,2281.233,-13.946,-84.103,134.474
Image_D2_M12_000185.jpeg,1746800493,234908.646,2016586.64,2282.382,-10.162,-85.122,137.483
Image_D2_M12_000186.jpeg,1746800495,234903.024,2016577.4,2283.425,-4.526,-86.919,144.668
Image_D2_M12_000187.jpeg,1746800499,234897.769,2016568.428,2284.108,29.366,-87.026,179.759
Image_D2_M12_000188.jpeg,1746800501,234892.667,2016559.039,2284.494,-177.34,-89.687,-27.41
Image_D2_M12_000189.jpeg,1746800503,234887.267,2016549.858,2284.361,177.949,-87.277,-33.254
Image_D2_M12_000190.jpeg,1746800505,234882.148,2016541.179,2284.015,-176.343,-85.111,-26.475
Image_D2_M12_000191.jpeg,1746800506,234876.769,2016532.145,2283.327,-172.414,-84.379,-26.861
Image_D2_M12_000192.jpeg,1746800509,234870.515,2016523.86,2282.578,-151.626,-83.585,-19.245
Image_D2_M12_000193.jpeg,1746800512,234860.578,2016521.64,2282.374,-49.216,-81.15,19.813
Image_D2_M12_000194.jpeg,1746800514,234850.948,2016525.993,2283.468,-36.068,-86.562,27.84
Image_D2_M12_000195.jpeg,1746800515,234841.594,2016531.145,2283.946,-88.793,-88.442,-31.565
Image_D2_M12_000196.jpeg,1746800520,234833.013,2016536.567,2284.157,-103.301,-88.079,-45.106
Image_D2_M12_000197.jpeg,1746800523,234824.133,2016541.975,2284.24,-62.788,-88.67,-4.172
Image_D2_M12_000198.jpeg,1746800526,234815.449,2016547.155,2284.474,-41.248,-88.026,17.415
Image_D2_M12_000199.jpeg,1746800528,234806.983,2016552.522,2284.778,-7.861,-88.983,47.463
Image_D2_M12_000200.jpeg,1746800530,234798.68,2016558.198,2285.149,-12.386,-89.275,46.265
Image_D2_M12_000201.jpeg,1746800533,234789.345,2016562.097,2285.402,76.358,-89.585,167.829
Image_D2_M12_000202.jpeg,1746800536,234780.699,2016556.613,2285.446,-148.829,-88.869,-4.6
Image_D2_M12_000203.jpeg,1746800538,234775.231,2016548.123,2285.397,178.898,-88.969,-32.552
Image_D2_M12_000204.jpeg,1746800540,234769.944,2016538.684,2285.27,152.792,-86.852,-53.536
Image_D2_M12_000205.jpeg,1746800542,234765.715,2016528.973,2284.749,169.512,-82.394,-33.477
Image_D2_M12_000206.jpeg,1746800544,234761.579,2016519.285,2283.231,178.774,-76.677,-25.898
Image_D2_M12_000207.jpeg,1746800547,234757.447,2016509.952,2280.944,179.355,-76.781,-22.316
Image_D2_M12_000208.jpeg,1746800551,234756.598,2016500.232,2279.128,125.627,-79.472,-19.868
Image_D2_M12_000209.jpeg,1746800553,234764.788,2016494.474,2278.466,126.19,-81.41,9.477
Image_D2_M12_000210.jpeg,1746800554,234773.868,2016490.031,2277.644,145.038,-81.533,28.462
Image_D2_M12_000211.jpeg,1746800556,234783.169,2016485.758,2276.756,153.111,-83.777,38.285
Image_D2_M12_000212.jpeg,1746800561,234789.496,2016478.399,2276.06,-176.441,-85.572,4.251
Image_D2_M12_000213.jpeg,1746800564,234786.818,2016468.588,2275.576,-135.14,-86.397,4.02
Image_D2_M12_000214.jpeg,1746800567,234777.567,2016465.099,2275.535,-84.863,-88.816,-3.955
Image_D2_M12_000215.jpeg,1746800569,234767.085,2016467.56,2275.647,-71.153,-87.743,3.41
Image_D2_M12_000216.jpeg,1746800571,234757.177,2016470.199,2275.978,-67.108,-88.305,8.505
Image_D2_M12_000217.jpeg,1746800574,234746.788,2016473.051,2276.266,-105.226,-88.118,-27.96
Image_D2_M12_000218.jpeg,1746800576,234736.418,2016474.569,2276.172,-152.047,-87.031,-66.039
Image_D2_M12_000219.jpeg,1746800578,234726.28,2016475.176,2275.773,-160.595,-86.103,-75.922
Image_D2_M12_000220.jpeg,1746800580,234715.32,2016476.394,2275.223,-157.249,-85.254,-76.451
Image_D2_M12_000221.jpeg,1746800583,234705.525,2016479.21,2274.797,-129.192,-86.259,-69.01
Image_D2_M12_000222.jpeg,1746800585,234698.925,2016486.997,2274.697,-73.622,-84.729,-59.19
Image_D2_M12_000223.jpeg,1746800587,234697.839,2016498.019,2275.211,-63.348,-84.638,-65.155
Image_D2_M12_000224.jpeg,1746800589,234697.632,2016509.153,2275.82,-75.42,-82.755,-71.449
Image_D2_M12_000225.jpeg,1746800591,234696.13,2016519.97,2276.185,-86.493,-82.505,-76.801
Image_D2_M12_000226.jpeg,1746800592,234694.03,2016530.367,2276.335,-93.204,-85.32,-80.483
Image_D2_M12_000227.jpeg,1746800593,234691.472,2016541.098,2276.488,-72.961,-86.698,-59.735
Image_D2_M12_000228.jpeg,1746800595,234688.962,2016552.1,2276.864,-53.575,-87.44,-42.368
Image_D2_M12_000229.jpeg,1746800596,234686.9,2016562.756,2277.381,-46.874,-86.678,-37.549
Image_D2_M12_000230.jpeg,1746800598,234685.259,2016573.351,2277.926,-78.267,-87.088,-72.353
Image_D2_M12_000231.jpeg,1746800600,234684.627,2016583.667,2278.175,-90.357,-84.389,-96.446
Image_D2_M12_000232.jpeg,1746800605,234688.383,2016592.663,2278.697,-36.13,-80.573,-90.618
Image_D2_M12_000233.jpeg,1746800607,234698.754,2016595.264,2280.599,-5.833,-77.449,-98.128
Image_D2_M12_000234.jpeg,1746800608,234709.691,2016594.977,2282.954,-11.403,-81.32,-102.755
Image_D2_M12_000235.jpeg,1746800610,234720.087,2016594.837,2284.223,-6.366,-86.894,-97.48
Image_D2_M12_000236.jpeg,1746800612,234730.4,2016593.87,2284.713,77.71,-88.68,-25.618
Image_D2_M12_000237.jpeg,1746800615,234740.689,2016592.347,2284.986,-58.35,-88.484,-135.578
Image_D2_M12_000238.jpeg,1746800618,234748.38,2016598.527,2284.709,-179.341,-82.232,148.649
Image_D2_M12_000239.jpeg,1746800621,234753.469,2016607.328,2283.223,-167.32,-76.065,162.256
Image_D2_M12_000240.jpeg,1746800623,234758.538,2016616.202,2280.729,-173.177,-74.664,157.718
Image_D2_M12_000241.jpeg,1746800625,234763.383,2016625.062,2278.5,-165.884,-78.272,164.959
Image_D2_M12_000242.jpeg,1746800627,234768.297,2016634.005,2276.665,-166.404,-76.582,164.96
Image_D2_M12_000243.jpeg,1746800630,234773.196,2016643.034,2274.756,-164.991,-83.286,166.546
Image_D2_M12_000244.jpeg,1746800631,234777.942,2016651.802,2273.994,-161.172,-86.714,169.768
Image_D2_M12_000245.jpeg,1746800633,234783.127,2016661.055,2273.663,-172.556,-88.06,157.397
Image_D2_M12_000246.jpeg,1746800634,234788.482,2016670.391,2273.572,-140.913,-88.723,-171.688
Image_D2_M12_000247.jpeg,1746800635,234793.823,2016679.569,2273.524,-145.683,-88.601,-176.108
Image_D2_M12_000248.jpeg,1746800637,234799.481,2016689.414,2273.494,-146.412,-88.713,-176.306
Image_D2_M12_000249.jpeg,1746800639,234804.149,2016698.301,2273.524,-101.39,-87.068,-127.475
Image_D2_M12_000250.jpeg,1746800641,234808.759,2016707.468,2273.597,-80.285,-84.736,-121.384
Image_D2_M12_000251.jpeg,1746800644,234817.704,2016710.608,2274.414,-3.457,-80.646,-112.065
Image_D2_M12_000252.jpeg,1746800646,234827.273,2016705.973,2276.157,22.663,-80.525,-95.347
Image_D2_M12_000253.jpeg,1746800648,234836.21,2016701.274,2277.576,34.597,-86.683,-82.716
Image_D2_M12_000254.jpeg,1746800650,234845.296,2016696.917,2277.692,159.657,-83.257,44.668
Image_D2_M12_000255.jpeg,1746800654,234854.77,2016692.933,2276.657,-158.027,-83.849,88.273
Image_D2_M12_000256.jpeg,1746800657,234864.006,2016688.246,2275.766,-159.256,-83.781,82.36
Image_D2_M12_000257.jpeg,1746800659,234872.985,2016683.633,2274.97,-154.284,-84.549,88.281
Image_D2_M12_000258.jpeg,1746800661,234882.316,2016678.742,2274.332,-133.911,-85.314,107.762
Image_D2_M12_000259.jpeg,1746800665,234891.301,2016673.727,2274.053,-93.807,-82.804,132.227
Image_D2_M12_000260.jpeg,1746800669,234892.902,2016664.34,2275.167,2.259,-79.171,156.049
Image_D2_M12_000261.jpeg,1746800671,234887.916,2016654.946,2277.096,1.809,-79.972,154.253
Image_D2_M12_000262.jpeg,1746800673,234883.372,2016645.849,2278.869,4.094,-82.16,157.72
Image_D2_M12_000263.jpeg,1746800676,234878.861,2016636.747,2280.401,2.187,-82.878,159.081
Image_D2_M12_000264.jpeg,1746800679,234881.654,2016627.378,2281.532,-70.191,-86.774,164.734
Image_D2_M12_000265.jpeg,1746800681,234890.671,2016622.03,2281.737,-97.456,-85.419,141.137
Image_D2_M12_000266.jpeg,1746800684,234899.601,2016616.095,2281.638,-116.524,-83.82,116.196
Image_D2_M12_000267.jpeg,1746800686,234908.079,2016609.639,2281.168,-145.099,-82.745,87.546
Image_D2_M12_000268.jpeg,1746800689,234916.735,2016603.476,2280.393,-111.653,-83.416,124.064
Image_D2_M12_000269.jpeg,1746800691,234925.379,2016597.944,2279.817,-161.678,-81.417,75.882
Image_D2_M12_000270.jpeg,1746800692,234934.075,2016592.504,2278.617,-165.114,-82.31,73.444
Image_D2_M12_000271.jpeg,1746800694,234942.825,2016587.442,2277.468,-162.124,-81.317,78.387
Image_D2_M12_000272.jpeg,1746800696,234951.797,2016582.496,2276.215,-151.251,-80.836,88.908
Image_D2_M12_000273.jpeg,1746800698,234960.622,2016577.655,2274.987,-160.091,-81.215,83.948
Image_D2_M12_000274.jpeg,1746800700,234969.746,2016573.372,2273.633,-167.465,-80.239,76.073
Image_D2_M12_000275.jpeg,1746800702,234978.65,2016568.591,2272.191,-174.169,-79.545,65.088
Image_D2_M12_000276.jpeg,1746800705,234987.323,2016563.224,2270.565,-176.797,-79.426,59.858
Image_D2_M12_000277.jpeg,1746800709,234995.904,2016558.147,2268.977,175.437,-79.105,55.504
Image_D2_M12_000278.jpeg,1746800712,235005.016,2016552.766,2267.027,175.912,-75.893,54.978
Image_D2_M12_000279.jpeg,1746800715,235013.885,2016547.503,2264.589,173.347,-73.741,52.915
Image_D2_M12_000280.jpeg,1746800717,235022.802,2016542.419,2261.975,170.679,-75.03,50.664
Image_D2_M12_000281.jpeg,1746800726,235031.364,2016537.577,2259.752,-177.036,-77.252,46.858
Image_D2_M12_000282.jpeg,1746800730,235031.597,2016527.796,2258.441,-130.709,-85.572,24.502
Image_D2_M12_000283.jpeg,1746800732,235026.783,2016518.084,2258.118,-125.98,-87.277,28.294
Image_D2_M12_000284.jpeg,1746800734,235022.416,2016508.427,2258.011,-111.582,-86.451,43.281
Image_D2_M12_000285.jpeg,1746800737,235018.035,2016499.027,2258.124,-85.442,-81.637,65.647
Image_D2_M12_000286.jpeg,1746800741,235013.25,2016489.854,2258.343,-89.955,-80.316,62.498
Image_D2_M12_000287.jpeg,1746800743,235008.36,2016480.932,2258.831,-53.114,-83.746,97.648
Image_D2_M12_000288.jpeg,1746800744,235003.262,2016471.374,2259.668,-55.649,-84.15,95.621
Image_D2_M12_000289.jpeg,1746800746,234997.92,2016461.813,2260.316,-67.911,-86.243,81.119
Image_D2_M12_000290.jpeg,1746800750,234992.821,2016452.939,2260.697,-75.304,-84.455,74.192
Image_D2_M12_000291.jpeg,1746800753,234987.95,2016443.756,2261.013,-89.358,-86.37,65.128
Image_D2_M12_000292.jpeg,1746800755,234983.874,2016434.598,2261.062,-95.749,-87.635,60.844
Image_D2_M12_000293.jpeg,1746800757,234979.735,2016424.828,2261.016,-123.727,-83.553,29.035
Image_D2_M12_000294.jpeg,1746800762,234973.494,2016417.277,2260.857,-51.175,-80.84,59.214
Image_D2_M12_000295.jpeg,1746800765,234962.687,2016417.348,2262.559,0.658,-79.929,77.797
Image_D2_M12_000296.jpeg,1746800766,234952.004,2016419.614,2264.531,-8.83,-79.745,69.155
Image_D2_M12_000297.jpeg,1746800768,234941.913,2016421.478,2266.286,-22.687,-82.339,56.806
Image_D2_M12_000298.jpeg,1746800770,234930.976,2016423.445,2267.57,-40.876,-84.287,35.489
Image_D2_M12_000299.jpeg,1746800771,234921.381,2016426.16,2268.279,-61.979,-84.654,6.952
Image_D2_M12_000300.jpeg,1746800773,234911.18,2016430.804,2268.946,-45.765,-85.933,15.396
Image_D2_M12_000301.jpeg,1746800774,234902.421,2016435.762,2269.59,-37.185,-85.783,21.969
Image_D2_M12_000302.jpeg,1746800775,234893.803,2016440.825,2270.334,-46.903,-84.414,10.763
Image_D2_M12_000303.jpeg,1746800776,234884.988,2016446.363,2271.201,-43.717,-85.271,14.247
Image_D2_M12_000304.jpeg,1746800778,234875.681,2016452.001,2271.978,-66.167,-84.82,-12.029
Image_D2_M12_000305.jpeg,1746800781,234866.89,2016458.064,2272.628,-57.311,-85.389,-0.544
Image_D2_M12_000306.jpeg,1746800783,234858.184,2016463.439,2273.078,-56.08,-84.128,3.159
Image_D2_M12_000307.jpeg,1746800785,234849.188,2016469.087,2274.086,-19.286,-82.001,25.307
Image_D2_M12_000308.jpeg,1746800793,234846.022,2016477.854,2275.505,-4.797,-81.772,-9.287
Image_D2_M12_000309.jpeg,1746800795,234848.963,2016488.063,2277.021,11.923,-81.7,-15.152
Image_D2_M12_000310.jpeg,1746800797,234853.725,2016496.796,2278.403,7.184,-81.667,-23.496
Image_D2_M12_000311.jpeg,1746800798,234858.826,2016505.491,2279.891,11.35,-82.632,-20.434
Image_D2_M12_000312.jpeg,1746800801,234865.511,2016512.754,2281.176,62.038,-82.128,-6.223
Image_D2_M12_000313.jpeg,1746800806,234875.386,2016511.793,2281.029,147.601,-80.666,32.707
Image_D2_M12_000314.jpeg,1746800810,234884.299,2016507.344,2279.891,159.373,-82.164,38.264
Image_D2_M12_000315.jpeg,1746800814,234892.9,2016501.463,2278.862,144.847,-82.481,21.747
Image_D2_M12_000316.jpeg,1746800817,234901.959,2016496.03,2277.92,134.773,-80.724,14.064
Image_D2_M12_000317.jpeg,1746800822,234911.136,2016490.733,2276.995,127.951,-80.654,9.643
Image_D2_M12_000318.jpeg,1746800824,234920.055,2016486.165,2276.04,160.826,-80.074,42.486
Image_D2_M12_000319.jpeg,1746800826,234929.449,2016481.13,2274.335,177.392,-77.33,56.578
Image_D2_M12_000320.jpeg,1746800828,234938.337,2016475.614,2272.178,-178.989,-76.203,58.215
Image_D2_M12_000321.jpeg,1746800832,234946.93,2016470.363,2270.04,175.73,-77.055,56.507
Image_D2_M12_000322.jpeg,1746800835,234956.103,2016465.202,2267.864,171.546,-76.147,52.465
Image_D2_M12_000323.jpeg,1746800837,234964.878,2016460.374,2265.684,176.205,-76.994,55.235
Image_D2_M12_000324.jpeg,1746800839,234973.979,2016454.84,2263.57,-177.493,-78.538,60.84
Image_D2_M12_000325.jpeg,1746800843,234982.761,2016450.064,2261.853,178.497,-80.433,66.004
Image_D2_M12_000326.jpeg,1746800849,234992.415,2016447.375,2260.654,175.953,-81.67,70.023
Image_D2_M12_000327.jpeg,1746800851,235002.422,2016443.37,2259.097,173.736,-78.726,54.732
Image_D2_M12_000328.jpeg,1746800853,235012.08,2016438.227,2257.173,-172.087,-79.321,69.101
Image_D2_M12_000329.jpeg,1746800855,235021.056,2016432.945,2255.515,-177.302,-80.183,61.971
Image_D2_M12_000330.jpeg,1746800858,235029.862,2016428.119,2254.091,-170.763,-80.25,72.372
Image_D2_M12_000331.jpeg,1746800861,235039.408,2016428.114,2252.716,146.896,-81.131,80.748
Image_D2_M12_000332.jpeg,1746800865,235048.578,2016432.47,2251.508,153.774,-79.641,88.228
Image_D2_M12_000333.jpeg,1746800870,235057.711,2016436.639,2249.897,164.106,-78.358,94.81
Image_D2_M12_000334.jpeg,1746800875,235067.58,2016440.42,2248.269,165.81,-83.562,99.571
Image_D2_M12_000335.jpeg,1746800878,235076.529,2016445.51,2247.298,158.359,-82.986,102.176
Image_D2_M12_000336.jpeg,1746800880,235085.431,2016451.293,2246.215,173.909,-82.701,113.563
Image_D2_M12_000337.jpeg,1746800882,235094.107,2016456.613,2245.097,165.244,-82.923,112.442
Image_D2_M12_000338.jpeg,1746800885,235102.376,2016463.437,2244.147,166.224,-84.49,113.299
Image_D2_M12_000339.jpeg,1746800888,235110.723,2016469.248,2243.504,172.709,-86.363,121.106
Image_D2_M12_000340.jpeg,1746800891,235115.98,2016477.975,2243.049,121.405,-85.035,113.028
Image_D2_M12_000341.jpeg,1746800893,235115.77,2016488.53,2242.903,80.065,-84.883,86.483
Image_D2_M12_000342.jpeg,1746800895,235113.518,2016498.51,2243.489,20.273,-82.87,48.548
Image_D2_M12_000343.jpeg,1746800897,235106.843,2016505.588,2245.062,8.889,-80.142,69.99
Image_D2_M12_000344.jpeg,1746800900,235096.667,2016509.03,2246.874,-10.243,-81.973,65.755
Image_D2_M12_000345.jpeg,1746800902,235087.133,2016511.881,2248.255,-23.49,-83.453,39.406
Image_D2_M12_000346.jpeg,1746800905,235081.155,2016519.491,2249.599,8.473,-83.035,8.465
Image_D2_M12_000347.jpeg,1746800908,235084.512,2016528.725,2250.777,37.779,-83.255,4.326
Image_D2_M12_000348.jpeg,1746800911,235090.489,2016537.557,2251.686,56.584,-86.109,23.809
Image_D2_M12_000349.jpeg,1746800913,235096.812,2016545.785,2252.094,70.614,-85.917,22.608
Image_D2_M12_000350.jpeg,1746800915,235104.773,2016552.693,2252.456,49.475,-84.592,0.453
Image_D2_M12_000351.jpeg,1746800917,235112.303,2016560.382,2253.43,30.737,-81.514,0.859
Image_D2_M12_000352.jpeg,1746800919,235114.042,2016569.803,2254.897,13.738,-80.772,34.228
Image_D2_M12_000353.jpeg,1746800922,235107.982,2016577.481,2256.523,7.977,-79.013,57.616
Image_D2_M12_000354.jpeg,1746800925,235100.11,2016584.146,2258.744,7.6,-77.33,56.542
Image_D2_M12_000355.jpeg,1746800927,235092.174,2016591.416,2260.769,22.184,-84.187,67.759
Image_D2_M12_000356.jpeg,1746800929,235084.982,2016598.747,2261.606,63.411,-87.476,105.939
Image_D2_M12_000357.jpeg,1746800932,235078.193,2016606.094,2261.651,141.085,-85.416,-176.628
Image_D2_M12_000358.jpeg,1746800934,235071.242,2016614.211,2261.184,135.572,-85.09,172.674
Image_D2_M12_000359.jpeg,1746800935,235064.999,2016623.347,2260.811,117.739,-84.935,149.572
Image_D2_M12_000360.jpeg,1746800937,235059.417,2016632.154,2260.619,104.125,-84.843,136.485
Image_D2_M12_000361.jpeg,1746800940,235054.395,2016641.038,2260.481,114.569,-81.13,138.621
Image_D2_M12_000362.jpeg,1746800944,235052.898,2016650.747,2259.771,141.229,-78.468,126.898
Image_D2_M12_000363.jpeg,1746800946,235057.224,2016659.706,2258.115,-178.65,-78.365,140.584
Image_D2_M12_000364.jpeg,1746800948,235065.041,2016666.276,2256.388,-161.303,-79.809,146.053
Image_D2_M12_000365.jpeg,1746800951,235070.706,2016674.623,2254.613,166.253,-80.188,158.049
Image_D2_M12_000366.jpeg,1746800953,235067.41,2016684.531,2253.601,107.81,-84.294,149.666
Image_D2_M12_000367.jpeg,1746800955,235059.338,2016691.284,2253.666,71.711,-83.791,130.028
Image_D2_M12_000368.jpeg,1746800957,235049.809,2016696.344,2254.092,91.441,-85.011,154.89
Image_D2_M12_000369.jpeg,1746800959,235040.34,2016701.209,2253.965,127.344,-84.746,-173.498
Image_D2_M12_000370.jpeg,1746800962,235030.555,2016704.35,2253.762,69.049,-80.487,-179.991
Image_D2_M12_000371.jpeg,1746800965,235022.963,2016697.274,2255.353,10.402,-79.449,151.727
Image_D2_M12_000372.jpeg,1746800967,235016.797,2016689.29,2257.313,3.707,-77.367,147.966
Image_D2_M12_000373.jpeg,1746800970,235011.04,2016680.751,2259.832,0.651,-73.002,147.591
Image_D2_M12_000374.jpeg,1746800972,235006.168,2016672.106,2262.894,-15.981,-76.969,134.962
Image_D2_M12_000375.jpeg,1746800977,235006.499,2016662.561,2264.049,-119.833,-85.322,104.531
Image_D2_M12_000376.jpeg,1746800979,235014.884,2016656.85,2263.635,-141.238,-85.556,99.666
Image_D2_M12_000377.jpeg,1746800981,235024.077,2016652.066,2263.184,-150.912,-86.437,94.147
Image_D2_M12_000378.jpeg,1746800984,235033.436,2016647.787,2262.879,-132.558,-85.213,110.427
Image_D2_M12_000379.jpeg,1746800987,235041.197,2016641.545,2262.668,-70.485,-80.825,115.743
Image_D2_M12_000380.jpeg,1746800991,235037.273,2016632.039,2263.806,-30.966,-82.968,113.742
Image_D2_M12_000381.jpeg,1746800993,235030.943,2016622.729,2264.89,-41.712,-83.143,104.542
Image_D2_M12_000382.jpeg,1746800994,235025.418,2016613.703,2265.993,-30.478,-81.873,118.732
Image_D2_M12_000383.jpeg,1746800998,235022.015,2016604.643,2267.338,-92.96,-82.042,104.684
Image_D2_M12_000384.jpeg,1746801002,235028.442,2016597.065,2266.87,-133.169,-82.542,104.056
Image_D2_M12_000385.jpeg,1746801004,235037.388,2016592.193,2265.972,-154.685,-82.994,87.916
Image_D2_M12_000386.jpeg,1746801005,235046.228,2016587.518,2265.002,-162.525,-81.463,78.482
Image_D2_M12_000387.jpeg,1746801009,235054.909,2016582.157,2263.589,-168.27,-80.162,53.682
Image_D2_M12_000388.jpeg,1746801013,235055.277,2016572.556,2262.493,-153.858,-84.856,1.892
Image_D2_M12_000389.jpeg,1746801016,235050.622,2016563.234,2261.898,-139.689,-83.992,11.203
Image_D2_M12_000390.jpeg,1746801018,235045.596,2016554.327,2261.124,-158.174,-82.175,-8.622
Image_D2_M12_000391.jpeg,1746801020,235040.405,2016545.421,2259.972,-137.507,-80.033,10.612
Image_D2_M12_000392.jpeg,1746801025,235040.059,2016536.036,2258.276,-174.638,-74.926,43.661
Image_D2_M12_000393.jpeg,1746801027,235048.14,2016529.875,2255.728,169.196,-75.378,48.002
Image_D2_M12_000394.jpeg,1746801029,235057.224,2016524.927,2253.428,169.37,-76.091,52.846
Image_D2_M12_000395.jpeg,1746801031,235066.19,2016520.672,2251.344,172.486,-77.461,54.182
Image_D2_M12_000396.jpeg,1746801035,235074.079,2016514.568,2249.623,-152.499,-82.738,56.805
Image_D2_M12_000397.jpeg,1746801039,235073.559,2016505.14,2249.412,-7.822,-84.651,144.366
Image_D2_M12_000398.jpeg,1746801042,235068.767,2016496.032,2250.477,-19.064,-84.871,132.384
Image_D2_M12_000399.jpeg,1746801045,235063.593,2016486.636,2251.069,-126.264,-88.536,24.888
Image_D2_M12_000400.jpeg,1746801047,235059.103,2016477.659,2250.968,-126.043,-86.746,28.333
Image_D2_M12_000401.jpeg,1746801052,235052.295,2016470.782,2251.225,-20.943,-82.135,62.548
Image_D2_M12_000402.jpeg,1746801055,235042.687,2016474.338,2252.651,6.942,-82.247,67.364
Image_D2_M12_000403.jpeg,1746801057,235033.519,2016479.974,2254.204,7.993,-81.392,65.968
Image_D2_M12_000404.jpeg,1746801059,235024.427,2016485.607,2255.973,11.972,-79.399,70.595
Image_D2_M12_000405.jpeg,1746801061,235015.501,2016490.771,2258.016,10.092,-79.683,71.775
Image_D2_M12_000406.jpeg,1746801062,235006.582,2016495.493,2259.979,5.372,-77.457,66.927
Image_D2_M12_000407.jpeg,1746801064,234997.384,2016500.643,2262.38,8.658,-77.231,69.025
Image_D2_M12_000408.jpeg,1746801067,234988.44,2016505.651,2264.74,5.687,-76.361,65.752
Image_D2_M12_000409.jpeg,1746801070,234979.73,2016510.606,2267.159,6.798,-75.945,67.599
Image_D2_M12_000410.jpeg,1746801072,234970.122,2016515.771,2269.656,7.383,-77.482,69.764
Image_D2_M12_000411.jpeg,1746801073,234960.665,2016520.597,2272.075,3.161,-76.405,65.425
Image_D2_M12_000412.jpeg,1746801075,234951.68,2016525.352,2274.541,-0.312,-75.649,60.854
Image_D2_M12_000413.jpeg,1746801076,234942.603,2016530.33,2277.103,4.747,-76.001,65.54
Image_D2_M12_000414.jpeg,1746801078,234933.739,2016535.362,2279.54,13.249,-78.118,73.664
Image_D2_M12_000415.jpeg,1746801079,234924.204,2016540.834,2281.751,5.102,-79.772,64.06
Image_D2_M12_000416.jpeg,1746801081,234915.506,2016546.063,2283.492,11.419,-82.834,70.156
Image_D2_M12_000417.jpeg,1746801083,234906.813,2016551.527,2284.655,48,-87.341,103.931
Image_D2_M12_000418.jpeg,1746801087,234898.758,2016557.825,2284.541,162.765,-87.045,-162.736
Image_D2_M12_000419.jpeg,1746801091,234898.392,2016567.194,2284.16,152.341,-86.625,127.823
Image_D2_M12_000420.jpeg,1746801094,234903.427,2016576.364,2283.476,170.487,-83.412,138.02
Image_D2_M12_000421.jpeg,1746801096,234908.926,2016585.185,2282.489,168.829,-82.535,136.633
Image_D2_M12_000422.jpeg,1746801098,234914.614,2016594.176,2281.333,163.256,-81.877,129.703
Image_D2_M12_000423.jpeg,1746801100,234919.973,2016602.613,2280.192,162.373,-81.814,130.921
Image_D2_M12_000424.jpeg,1746801102,234925.469,2016611.882,2278.992,171.391,-82.028,140.444
Image_D2_M12_000425.jpeg,1746801103,234930.884,2016621.449,2277.669,176.56,-82.22,147.446
Image_D2_M12_000426.jpeg,1746801105,234935.793,2016630.623,2276.338,177.013,-80.994,148.441
Image_D2_M12_000427.jpeg,1746801108,234940.892,2016639.412,2274.865,-163.473,-80.662,148.334
Image_D2_M12_000428.jpeg,1746801111,234950.655,2016639.495,2273.977,-123.269,-84.065,118.156
Image_D2_M12_000429.jpeg,1746801113,234959.411,2016634.065,2273.447,-159.087,-84.899,79.704
Image_D2_M12_000430.jpeg,1746801117,234968.354,2016629.152,2272.806,-164.138,-84.922,77.81
Image_D2_M12_000431.jpeg,1746801124,234977.157,2016624.382,2272.138,-166.788,-84.257,75.67
Image_D2_M12_000432.jpeg,1746801126,234986.607,2016619.423,2271.163,-176.057,-83.628,65.076
Image_D2_M12_000433.jpeg,1746801128,234995.349,2016614.611,2270.237,176.523,-83.446,57.704
Image_D2_M12_000434.jpeg,1746801130,235004.693,2016609.667,2269.247,178.912,-83.539,62.2
Image_D2_M12_000435.jpeg,1746801134,235013.998,2016605.064,2268.314,-122.619,-82.226,105.741
Image_D2_M12_000436.jpeg,1746801137,235015.253,2016595.414,2268.854,-3.592,-84.197,148.087
Image_D2_M12_000437.jpeg,1746801139,235010.364,2016586.486,2269.755,-75.521,-86.667,75.905
Image_D2_M12_000438.jpeg,1746801142,235005.37,2016577.017,2269.786,-147.056,-86.167,5.527
Image_D2_M12_000439.jpeg,1746801144,235000.498,2016567.521,2269.387,-136.669,-84.577,14.456
Image_D2_M12_000440.jpeg,1746801147,234995.96,2016558.388,2268.938,-90.801,-80.095,64.657
Image_D2_M12_000441.jpeg,1746801150,234991.409,2016548.74,2269.417,-63.317,-83.187,88.569
Image_D2_M12_000442.jpeg,1746801152,234986.076,2016539.44,2269.773,-136.533,-85.943,12.573
Image_D2_M12_000443.jpeg,1746801154,234980.989,2016530.581,2269.401,-143.626,-86.099,7.503
Image_D2_M12_000444.jpeg,1746801158,234976.254,2016521.565,2269.061,-111.197,-84.641,40.024
Image_D2_M12_000445.jpeg,1746801165,234977.703,2016512.454,2267.822,-166.515,-75.528,63.949
Image_D2_M12_000446.jpeg,1746801168,234985.792,2016506.77,2265.49,-172.387,-74.556,63.929
Image_D2_M12_000447.jpeg,1746801170,234994.334,2016501.371,2263.117,-174.787,-75.713,63.897
Image_D2_M12_000448.jpeg,1746801173,235002.969,2016496.408,2260.838,-178.923,-75.793,62.217
Image_D2_M12_000449.jpeg,1746801176,235011.708,2016491.884,2258.778,-177.74,-78.078,65.171
Image_D2_M12_000450.jpeg,1746801179,235021.061,2016487.183,2256.697,-177.421,-78.242,65.311
Image_D2_M12_000451.jpeg,1746801181,235030.663,2016481.887,2254.766,-178.759,-79.92,59.207
Image_D2_M12_000452.jpeg,1746801183,235039.348,2016476.275,2253.22,-172.968,-80.626,63.62
Image_D2_M12_000453.jpeg,1746801185,235047.799,2016470.754,2251.806,179.587,-80.266,55.26
Image_D2_M12_000454.jpeg,1746801187,235056.092,2016464.531,2250.406,-174.128,-81.293,55.311
Image_D2_M12_000455.jpeg,1746801190,235063.337,2016457.414,2249.153,-155.48,-81.644,59.505
Image_D2_M12_000456.jpeg,1746801193,235067.816,2016448.221,2248.293,-114.749,-83.05,77.408
Image_D2_M12_000457.jpeg,1746801195,235069.911,2016437.492,2248.123,-78.931,-86.445,114.526
Image_D2_M12_000458.jpeg,1746801197,235072.952,2016427.618,2248.507,-34.792,-87.403,165.922
Image_D2_M12_000459.jpeg,1746801198,235076.906,2016418.115,2249.072,-37.902,-86.736,165.522
Image_D2_M12_000460.jpeg,1746801201,235081.109,2016408.854,2249.689,-43.401,-86.387,158.114
Image_D2_M12_000461.jpeg,1746801203,235084.384,2016399.403,2250.337,-23.648,-86.791,172.459
Image_D2_M12_000462.jpeg,1746801207,235085.564,2016389.513,2251.003,13.981,-84.731,175.118
Image_D2_M12_000463.jpeg,1746801210,235079.187,2016382.137,2251.999,16.981,-84.001,150.699
Image_D2_M12_000464.jpeg,1746801213,235073.929,2016373.101,2253.385,-21.966,-80.736,126.362
Image_D2_M12_000465.jpeg,1746801215,235066.153,2016366.623,2254.935,0.468,-82.017,110.115
Image_D2_M12_000466.jpeg,1746801217,235056.279,2016363.724,2256.421,21.365,-81.648,129.891
Image_D2_M12_000467.jpeg,1746801219,235046.972,2016358.637,2258.065,4.515,-80.125,137.958
Image_D2_M12_000468.jpeg,1746801221,235041.147,2016350.458,2260.043,-9.486,-77.797,146.448
Image_D2_M12_000469.jpeg,1746801223,235038.562,2016340.341,2262.213,-18.904,-79.243,159.661
Image_D2_M12_000470.jpeg,1746801225,235038.909,2016329.789,2263.7,-45.617,-82.444,134.162
Image_D2_M12_000471.jpeg,1746801227,235038.791,2016319.684,2264.693,-47.984,-84.094,129.912
Image_D2_M12_000472.jpeg,1746801229,235038.704,2016309.438,2265.509,-40.237,-84.894,138.373
Image_D2_M12_000473.jpeg,1746801232,235036.613,2016299.336,2266.428,-3.863,-83.45,145.121
Image_D2_M12_000474.jpeg,1746801234,235029.554,2016292.203,2267.658,6.721,-83.258,127.433
Image_D2_M12_000475.jpeg,1746801236,235020.576,2016287.521,2268.824,8.413,-84.356,123.974
Image_D2_M12_000476.jpeg,1746801237,235010.52,2016282.728,2270.004,18.699,-83.752,134.094
Image_D2_M12_000477.jpeg,1746801239,235001.122,2016278.205,2271.165,13.611,-83.945,129.073
Image_D2_M12_000478.jpeg,1746801240,234991.585,2016273.445,2272.45,13.549,-82.705,131.688
Image_D2_M12_000479.jpeg,1746801243,234982.786,2016268.05,2273.756,28.275,-86.8,152.14
Image_D2_M12_000480.jpeg,1746801248,234973.481,2016264.736,2274.129,72.058,-88.999,150.87
Image_D2_M12_000481.jpeg,1746801251,234963.897,2016268.066,2274.253,106.078,-88.889,172.509
Image_D2_M12_000482.jpeg,1746801253,234954.553,2016272.442,2274.305,119.763,-88.632,-176.479
Image_D2_M12_000483.jpeg,1746801255,234944.414,2016277.376,2274.311,117.339,-89.105,-179.198
Image_D2_M12_000484.jpeg,1746801256,234934.744,2016282.168,2274.379,105.378,-89.331,168.372
Image_D2_M12_000485.jpeg,1746801257,234925.342,2016286.921,2274.428,81.986,-89.275,144.725
Image_D2_M12_000486.jpeg,1746801258,234915.063,2016292.157,2274.527,98.075,-89.412,160.275
Image_D2_M12_000487.jpeg,1746801260,234904.531,2016297.844,2274.63,82.011,-89.171,141.962
Image_D2_M12_000488.jpeg,1746801261,234894.382,2016303.905,2274.918,35.842,-88.801,93.011
Image_D2_M12_000489.jpeg,1746801262,234885.207,2016309.929,2275.284,-9.199,-88.898,45.719
Image_D2_M12_000490.jpeg,1746801263,234877.031,2016315.703,2275.667,22.669,-88.505,77.03
Image_D2_M12_000491.jpeg,1746801264,234868.899,2016321.534,2276.052,12.038,-88.354,65.119
Image_D2_M12_000492.jpeg,1746801266,234860.244,2016328.068,2276.475,2.346,-88.156,54.278
Image_D2_M12_000493.jpeg,1746801267,234850.976,2016335.26,2276.932,23.08,-88.289,75.293
Image_D2_M12_000494.jpeg,1746801268,234842.964,2016341.471,2277.352,31.017,-87.854,82.589
Image_D2_M12_000495.jpeg,1746801269,234834.936,2016347.781,2277.828,29.657,-87.978,81.15
Image_D2_M12_000496.jpeg,1746801270,234825.736,2016354.973,2278.356,37.693,-87.912,89.801
Image_D2_M12_000497.jpeg,1746801271,234816.9,2016361.815,2278.811,56.484,-88.397,108.142
Image_D2_M12_000498.jpeg,1746801272,234808.732,2016368.214,2279.108,68.77,-88.848,120.424
Image_D2_M12_000499.jpeg,1746801274,234800.747,2016374.415,2279.352,97.028,-88.934,149.208
Image_D2_M12_000500.jpeg,1746801276,234792.832,2016381.07,2279.506,133.054,-89.043,167.616
Image_D2_M12_000501.jpeg,1746801278,234792.319,2016391.266,2279.365,169.622,-85.353,142.444
Image_D2_M12_000502.jpeg,1746801280,234797.987,2016400.066,2278.705,168.407,-85.292,131.634
Image_D2_M12_000503.jpeg,1746801282,234804.323,2016408.705,2277.99,149.826,-84.485,115.418
Image_D2_M12_000504.jpeg,1746801283,234809.915,2016417.459,2277.312,152.583,-84.737,121.258
Image_D2_M12_000505.jpeg,1746801285,234815.272,2016426.752,2276.628,161.027,-85.729,130.856
Image_D2_M12_000506.jpeg,1746801287,234820.526,2016435.594,2276.083,160.716,-84.977,128.318
Image_D2_M12_000507.jpeg,1746801295,234825.853,2016444.452,2275.501,162.64,-85.416,131.077
Image_D2_M12_000508.jpeg,1746801299,234831.073,2016453.326,2274.944,-159.542,-86.162,169.151
Image_D2_M12_000509.jpeg,1746801301,234836.492,2016462.595,2274.577,122.734,-87.807,92.293
Image_D2_M12_000510.jpeg,1746801303,234842.447,2016472.027,2274.799,55.089,-81.895,24.594
Image_D2_M12_000511.jpeg,1746801305,234847.51,2016481.528,2276.098,16.057,-82.693,-10.534
Image_D2_M12_000512.jpeg,1746801307,234851.933,2016490.913,2277.553,3.742,-81.231,-21.555
Image_D2_M12_000513.jpeg,1746801308,234856.553,2016500.144,2279.046,4.517,-82.203,-28.255
Image_D2_M12_000514.jpeg,1746801310,234862.854,2016508.988,2280.545,20.088,-82.308,-15.254
Image_D2_M12_000515.jpeg,1746801312,234868.665,2016517.835,2281.93,12.449,-84.14,-19.849
Image_D2_M12_000516.jpeg,1746801314,234874.244,2016527.178,2282.881,10.3,-86.119,-19.532
Image_D2_M12_000517.jpeg,1746801316,234879.276,2016535.992,2283.642,24.237,-87.329,-6.57
Image_D2_M12_000518.jpeg,1746801319,234884.664,2016544.971,2284.193,43.359,-88.849,12.076
Image_D2_M12_000519.jpeg,1746801323,234889.857,2016553.58,2284.481,111.737,-88.369,80.171
Image_D2_M12_000520.jpeg,1746801329,234895.634,2016562.415,2284.385,169.911,-87.514,137.16
Image_D2_M12_000521.jpeg,1746801331,234901.377,2016571.825,2283.781,166.35,-85.805,135.863
Image_D2_M12_000522.jpeg,1746801332,234906.516,2016580.632,2282.97,167.595,-83.306,136.886
Image_D2_M12_000523.jpeg,1746801333,234912.216,2016590.205,2281.85,163.725,-81.723,132.372
Image_D2_M12_000524.jpeg,1746801335,234918.265,2016600.104,2280.566,162.265,-80.88,130.732
Image_D2_M12_000525.jpeg,1746801336,234923.606,2016609.018,2279.378,171.202,-82.129,139.768
Image_D2_M12_000526.jpeg,1746801337,234928.894,2016617.895,2278.165,172.94,-81.576,142.088
Image_D2_M12_000527.jpeg,1746801339,234934.359,2016627.3,2276.82,177.568,-80.828,147.12
Image_D2_M12_000528.jpeg,1746801340,234939.877,2016636.924,2275.266,174.466,-79.995,144.705
Image_D2_M12_000529.jpeg,1746801342,234945.27,2016646.646,2273.512,173.061,-78.25,144.475
Image_D2_M12_000530.jpeg,1746801343,234950.288,2016656.155,2271.543,178.853,-77.73,150.516
Image_D2_M12_000531.jpeg,1746801345,234955.192,2016665.489,2269.447,178.47,-77.17,150.312
Image_D2_M12_000532.jpeg,1746801346,234959.925,2016674.302,2267.67,-173.764,-79.85,154.648
Image_D2_M12_000533.jpeg,1746801349,234966.669,2016682.014,2266.432,-148.119,-84.802,147.915
Image_D2_M12_000534.jpeg,1746801352,234976.515,2016681.977,2266.227,-99.15,-86.375,148.183
Image_D2_M12_000535.jpeg,1746801354,234986.154,2016677.226,2266.07,-156.294,-85.198,82.438
Image_D2_M12_000536.jpeg,1746801357,234994.478,2016671.638,2265.391,-159.345,-81.773,72.803
Image_D2_M12_000537.jpeg,1746801366,235003.192,2016667.596,2264.128,-175.717,-76.99,121.957
Image_D2_M12_000538.jpeg,1746801372,235008.193,2016675.919,2261.566,175.247,-71.108,145.496
Image_D2_M12_000539.jpeg,1746801376,235013.865,2016684.018,2258.741,-179.214,-74.801,142.269
Image_D2_M12_000540.jpeg,1746801379,235020.131,2016692.109,2256.485,-175.148,-77.719,146.256
Image_D2_M12_000541.jpeg,1746801382,235025.8,2016700.256,2254.621,172.039,-78.125,154.952
Image_D2_M12_000542.jpeg,1746801386,235022.355,2016709.398,2253.318,99.28,-81.458,155.543
Image_D2_M12_000543.jpeg,1746801388,235012.967,2016714.154,2253.389,83.986,-83.975,148.061
Image_D2_M12_000544.jpeg,1746801390,235003.709,2016718.656,2253.684,85.67,-84.177,149.614
Image_D2_M12_000545.jpeg,1746801392,234994.245,2016723.302,2254.1,75.033,-84.747,138.084
Image_D2_M12_000546.jpeg,1746801401,234985.158,2016727.616,2254.297,122.159,-82.542,173.192
Image_D2_M12_000547.jpeg,1746801405,234984.104,2016736.884,2252.898,176.874,-75.891,155.311
Image_D2_M12_000548.jpeg,1746801407,234989.142,2016746.312,2250.437,171.072,-77.421,139.695
Image_D2_M12_000549.jpeg,1746801409,234994.657,2016755.608,2248.672,167.139,-81.995,136.65
Image_D2_M12_000550.jpeg,1746801412,234999.829,2016764.405,2247.693,173.914,-83.718,135.399
Image_D2_M12_000551.jpeg,1746801416,235008.79,2016768.964,2246.899,-135.785,-84.193,137.687
Image_D2_M12_000552.jpeg,1746801419,235019.09,2016770.001,2246.277,-137.359,-83.053,141.433
Image_D2_M12_000553.jpeg,1746801421,235029.217,2016772.1,2245.555,-141.358,-83.616,141.797
Image_D2_M12_000554.jpeg,1746801423,235039.219,2016773.847,2244.867,-166.303,-82.497,108.897
Image_D2_M12_000555.jpeg,1746801428,235049.215,2016772.392,2243.75,-102.546,-85.777,126.134
Image_D2_M12_000556.jpeg,1746801430,235055.348,2016764.138,2243.902,-49.964,-87.788,161.428
Image_D2_M12_000557.jpeg,1746801432,235060.711,2016755.649,2244.209,-38.318,-88.5,174.774
Image_D2_M12_000558.jpeg,1746801433,235066.462,2016747.117,2244.517,-15.718,-88.667,-161.809
Image_D2_M12_000559.jpeg,1746801435,235073.008,2016737.565,2244.932,-13.679,-89.125,-159.55
Image_D2_M12_000560.jpeg,1746801436,235078.844,2016728.971,2245.25,19.04,-88.997,-127.512
Image_D2_M12_000561.jpeg,1746801437,235085.035,2016719.671,2245.633,8.796,-89.185,-138.226
Image_D2_M12_000562.jpeg,1746801439,235090.82,2016710.815,2245.989,-21.181,-89.346,-168.876
Image_D2_M12_000563.jpeg,1746801441,235096.183,2016702.315,2246.254,-38.774,-89.058,171.954
Image_D2_M12_000564.jpeg,1746801445,235101.46,2016693.49,2246.641,-74.533,-89.527,135.605
Image_D2_M12_000565.jpeg,1746801447,235106.502,2016684.538,2246.841,67.907,-89.665,-84.082
Image_D2_M12_000566.jpeg,1746801449,235111.621,2016674.667,2246.918,152.179,-88.986,-2.233
Image_D2_M12_000567.jpeg,1746801451,235116.299,2016664.548,2246.786,170.918,-87.476,13.858
Image_D2_M12_000568.jpeg,1746801452,235120.469,2016654.491,2246.397,179.168,-86.306,20.314
Image_D2_M12_000569.jpeg,1746801454,235124.659,2016643.871,2245.774,-172.596,-85.076,28.379
Image_D2_M12_000570.jpeg,1746801455,235128.465,2016634.189,2245.003,-178.202,-84.554,23.28
Image_D2_M12_000571.jpeg,1746801456,235132.646,2016623.851,2244.118,173.534,-84.253,15.608
Image_D2_M12_000572.jpeg,1746801457,235137.066,2016613.223,2243.184,175.4,-84.309,17.726
Image_D2_M12_000573.jpeg,1746801458,235140.953,2016604.015,2242.386,177.205,-84.452,19.95
Image_D2_M12_000574.jpeg,1746801459,235145.115,2016594.497,2241.572,-177.117,-84.619,26.686
Image_D2_M12_000575.jpeg,1746801460,235149.726,2016584.753,2240.734,178.953,-84.238,26.001
Image_D2_M12_000576.jpeg,1746801461,235154.987,2016575.172,2239.83,171.723,-84.32,21.718
Image_D2_M12_000577.jpeg,1746801462,235160.393,2016566.08,2238.989,173.95,-83.984,24.404
Image_D2_M12_000578.jpeg,1746801463,235165.414,2016557.311,2238.108,177.443,-84.345,24.794
Image_D2_M12_000579.jpeg,1746801464,235170.258,2016546.687,2237.165,168.141,-84.132,7.619
Image_D2_M12_000580.jpeg,1746801466,235173.369,2016535.576,2236.202,169.094,-84.138,-0.651
Image_D2_M12_000581.jpeg,1746801467,235174.989,2016524.205,2235.296,172.958,-84.624,-1.329
Image_D2_M12_000582.jpeg,1746801468,235176.161,2016513.036,2234.524,174.867,-85.342,1.514
Image_D2_M12_000583.jpeg,1746801469,235177.956,2016502.134,2233.901,-165.896,-85.928,26.099
Image_D2_M12_000584.jpeg,1746801470,235180.865,2016491.859,2233.403,-152.942,-86.203,46.607
Image_D2_M12_000585.jpeg,1746801472,235184.869,2016482.491,2233.091,-167.525,-87.867,40.13
Image_D2_M12_000586.jpeg,1746801473,235190.087,2016473.63,2232.909,-144.991,-88.119,67.33
Image_D2_M12_000587.jpeg,1746801474,235196.026,2016464.865,2232.775,-139.237,-88.009,75.5
Image_D2_M12_000588.jpeg,1746801475,235202.257,2016456.067,2232.684,-134.215,-87.935,80.776
Image_D2_M12_000589.jpeg,1746801476,235208.635,2016447.148,2232.585,-130.48,-87.725,84.781
Image_D2_M12_000590.jpeg,1746801478,235215.239,2016438.097,2232.474,-127.461,-87.504,89.04
Image_D2_M12_000591.jpeg,1746801479,235222.252,2016429.034,2232.378,-118.135,-87.518,99.922
Image_D2_M12_000592.jpeg,1746801480,235229.51,2016419.904,2232.297,-138.16,-87.955,79.766
Image_D2_M12_000593.jpeg,1746801481,235236.703,2016410.363,2232.165,-140.711,-88.018,74.209
Image_D2_M12_000594.jpeg,1746801482,235242.552,2016402.073,2232.084,-158.337,-88.7,57.187
Image_D2_M12_000595.jpeg,1746801483,235248.613,2016393.931,2232.027,-150.833,-88.396,66.167
Image_D2_M12_000596.jpeg,1746801484,235255.77,2016384.736,2231.939,-149.577,-88.031,68.162
Image_D2_M12_000597.jpeg,1746801486,235262.155,2016376.662,2231.855,-145.075,-87.928,72.772
Image_D2_M12_000598.jpeg,1746801487,235268.899,2016367.995,2231.738,-166.011,-88.372,50.597
Image_D2_M12_000599.jpeg,1746801489,235274.509,2016359.546,2231.687,-175.665,-87.553,31.102
Image_D2_M12_000600.jpeg,1746801494,235277.964,2016350.164,2231.633,-28.424,-88.41,161.978
Image_D2_M12_000601.jpeg,1746801496,235278.805,2016340.035,2231.917,-42.419,-88.587,135.852
Image_D2_M12_000602.jpeg,1746801497,235278.414,2016329.268,2232.235,-69.189,-87.888,108.013
Image_D2_M12_000603.jpeg,1746801499,235278.077,2016318.931,2232.434,-79.896,-88.288,99.035
Image_D2_M12_000604.jpeg,1746801500,235278.212,2016308.867,2232.58,-92.977,-87.366,88.449
Image_D2_M12_000605.jpeg,1746801501,235278.677,2016297.829,2232.676,-101.427,-87.672,81.111
Image_D2_M12_000606.jpeg,1746801502,235279.362,2016286.705,2232.805,-91.293,-88.644,93.018
Image_D2_M12_000607.jpeg,1746801504,235280.384,2016275.706,2232.98,-89.19,-88.292,96.095
Image_D2_M12_000608.jpeg,1746801505,235281.496,2016264.89,2233.202,-76.307,-88.62,109.293
Image_D2_M12_000609.jpeg,1746801506,235282.462,2016254.703,2233.466,-21.642,-89.094,163.046
Image_D2_M12_000610.jpeg,1746801507,235283.336,2016244.411,2233.736,28.977,-89.446,-146.4
Image_D2_M12_000611.jpeg,1746801508,235284.199,2016233.827,2233.948,-145.119,-89.812,38.499
Image_D2_M12_000612.jpeg,1746801510,235284.888,2016223.517,2234.103,-145.427,-89.119,37.559
Image_D2_M12_000613.jpeg,1746801511,235285.42,2016212.451,2234.188,-116.825,-88.605,63.622
Image_D2_M12_000614.jpeg,1746801512,235285.251,2016201.68,2234.271,-76.805,-89.298,100.139
Image_D2_M12_000615.jpeg,1746801514,235284.74,2016190.07,2234.402,-90.437,-88.926,87.073
Image_D2_M12_000616.jpeg,1746801515,235284.5,2016179.622,2234.491,-107.58,-88.979,72.03
Image_D2_M12_000617.jpeg,1746801516,235284.659,2016168.715,2234.602,-73.809,-89.498,107.596
Image_D2_M12_000618.jpeg,1746801517,235285.083,2016157.838,2234.742,-139.176,-89.198,42.939
Image_D2_M12_000619.jpeg,1746801519,235285.548,2016147.552,2234.827,-107.528,-89.203,74.679
Image_D2_M12_000620.jpeg,1746801520,235285.976,2016136.766,2234.936,-147.026,-88.891,33.253
Image_D2_M12_000621.jpeg,1746801522,235285.004,2016126.123,2234.995,-92.522,-88.368,65.995
Image_D2_M12_000622.jpeg,1746801525,235277.848,2016119.141,2235.342,-27.346,-86.941,78.818
Image_D2_M12_000623.jpeg,1746801527,235267.635,2016118.13,2236.017,-4.275,-87.546,80.014
Image_D2_M12_000624.jpeg,1746801540,235257.57,2016119.161,2236.529,-32.779,-87.591,77.989
Image_D2_M12_000625.jpeg,1746801543,235252.39,2016110.882,2236.722,-80.092,-87.132,85.264
